code,name,region_code,province_code,is_city
012801000,Adams,010000000,012800000,0
012802000,Bacarra,010000000,012800000,0
012803000,Badoc,010000000,012800000,0
012804000,Bangui,010000000,012800000,0
012805000,City of Batac,010000000,012800000,1
012806000,Burgos,010000000,012800000,0
012807000,Carasi,010000000,012800000,0
012808000,Currimao,010000000,012800000,0
012809000,Dingras,010000000,012800000,0
012810000,Dumalneg,010000000,012800000,0
012811000,Banna,010000000,012800000,0
012812000,City of Laoag,010000000,012800000,1
012813000,Marcos,010000000,012800000,0
012814000,Nueva Era,010000000,012800000,0
012815000,Pagudpud,010000000,012800000,0
012816000,Paoay,010000000,012800000,0
012817000,Pasuquin,010000000,012800000,0
012818000,Piddig,010000000,012800000,0
012819000,Pinili,010000000,012800000,0
012820000,San Nicolas,010000000,012800000,0
012821000,Sarrat,010000000,012800000,0
012822000,Solsona,010000000,012800000,0
012823000,Vintar,010000000,012800000,0
012901000,Alilem,010000000,012900000,0
012902000,Banayoyo,010000000,012900000,0
012903000,Bantay,010000000,012900000,0
012904000,Burgos,010000000,012900000,0
012905000,Cabugao,010000000,012900000,0
012906000,City of Candon,010000000,012900000,1
012907000,Caoayan,010000000,012900000,0
012908000,Cervantes,010000000,012900000,0
012909000,Galimuyod,010000000,012900000,0
012910000,Gregorio Del Pilar,010000000,012900000,0
012911000,Lidlidda,010000000,012900000,0
012912000,Magsingal,010000000,012900000,0
012913000,Nagbukel,010000000,012900000,0
012914000,Narvacan,010000000,012900000,0
012915000,Quirino,010000000,012900000,0
012916000,Salcedo,010000000,012900000,0
012917000,San Emilio,010000000,012900000,0
012918000,San Esteban,010000000,012900000,0
012919000,San Ildefonso,010000000,012900000,0
012920000,San Juan,010000000,012900000,0
012921000,San Vicente,010000000,012900000,0
012922000,Santa,010000000,012900000,0
012923000,Santa Catalina,010000000,012900000,0
012924000,Santa Cruz,010000000,012900000,0
012925000,Santa Lucia,010000000,012900000,0
012926000,Santa Maria,010000000,012900000,0
012927000,Santiago,010000000,012900000,0
012928000,Santo Domingo,010000000,012900000,0
012929000,Sigay,010000000,012900000,0
012930000,Sinait,010000000,012900000,0
012931000,Sugpon,010000000,012900000,0
012932000,Suyo,010000000,012900000,0
012933000,Tagudin,010000000,012900000,0
012934000,City of Vigan,010000000,012900000,1
013301000,Agoo,010000000,013300000,0
013302000,Aringay,010000000,013300000,0
013303000,Bacnotan,010000000,013300000,0
013304000,Bagulin,010000000,013300000,0
013305000,Balaoan,010000000,013300000,0
013306000,Bangar,010000000,013300000,0
013307000,Bauang,010000000,013300000,0
013308000,Burgos,010000000,013300000,0
013309000,Caba,010000000,013300000,0
013310000,Luna,010000000,013300000,0
013311000,Naguilian,010000000,013300000,0
013312000,Pugo,010000000,013300000,0
013313000,Rosario,010000000,013300000,0
013314000,City of San Fernando,010000000,013300000,1
013315000,San Gabriel,010000000,013300000,0
013316000,San Juan,010000000,013300000,0
013317000,Santo Tomas,010000000,013300000,0
013318000,Santol,010000000,013300000,0
013319000,Sudipen,010000000,013300000,0
013320000,Tubao,010000000,013300000,0
015501000,Agno,010000000,015500000,0
015502000,Aguilar,010000000,015500000,0
015503000,City of Alaminos,010000000,015500000,1
015504000,Alcala,010000000,015500000,0
015505000,Anda,010000000,015500000,0
015506000,Asingan,010000000,015500000,0
015507000,Balungao,010000000,015500000,0
015508000,Bani,010000000,015500000,0
015509000,Basista,010000000,015500000,0
015510000,Bautista,010000000,015500000,0
015511000,Bayambang,010000000,015500000,0
015512000,Binalonan,010000000,015500000,0
015513000,Binmaley,010000000,015500000,0
015514000,Bolinao,010000000,015500000,0
015515000,Bugallon,010000000,015500000,0
015516000,Burgos,010000000,015500000,0
015517000,Calasiao,010000000,015500000,0
015518000,City of Dagupan,010000000,015500000,1
015519000,Dasol,010000000,015500000,0
015520000,Infanta,010000000,015500000,0
015521000,Labrador,010000000,015500000,0
015522000,Lingayen,010000000,015500000,0
015523000,Mabini,010000000,015500000,0
015524000,Malasiqui,010000000,015500000,0
015525000,Manaoag,010000000,015500000,0
015526000,Mangaldan,010000000,015500000,0
015527000,Mangatarem,010000000,015500000,0
015528000,Mapandan,010000000,015500000,0
015529000,Natividad,010000000,015500000,0
015530000,Pozorrubio,010000000,015500000,0
015531000,Rosales,010000000,015500000,0
015532000,City of San Carlos,010000000,015500000,1
015533000,San Fabian,010000000,015500000,0
015534000,San Jacinto,010000000,015500000,0
015535000,San Manuel,010000000,015500000,0
015536000,San Nicolas,010000000,015500000,0
015537000,San Quintin,010000000,015500000,0
015538000,Santa Barbara,010000000,015500000,0
015539000,Santa Maria,010000000,015500000,0
015540000,Santo Tomas,010000000,015500000,0
015541000,Sison,010000000,015500000,0
015542000,Sual,010000000,015500000,0
015543000,Tayug,010000000,015500000,0
015544000,Umingan,010000000,015500000,0
015545000,Urbiztondo,010000000,015500000,0
015546000,City of Urdaneta,010000000,015500000,1
015547000,Villasis,010000000,015500000,0
015548000,Laoac,010000000,015500000,0
020901000,Basco,020000000,020900000,0
020902000,Itbayat,020000000,020900000,0
020903000,Ivana,020000000,020900000,0
020904000,Mahatao,020000000,020900000,0
020905000,Sabtang,020000000,020900000,0
020906000,Uyugan,020000000,020900000,0
021501000,Abulug,020000000,021500000,0
021502000,Alcala,020000000,021500000,0
021503000,Allacapan,020000000,021500000,0
021504000,Amulung,020000000,021500000,0
021505000,Aparri,020000000,021500000,0
021506000,Baggao,020000000,021500000,0
021507000,Ballesteros,020000000,021500000,0
021508000,Buguey,020000000,021500000,0
021509000,Calayan,020000000,021500000,0
021510000,Camalaniugan,020000000,021500000,0
021511000,Claveria,020000000,021500000,0
021512000,Enrile,020000000,021500000,0
021513000,Gattaran,020000000,021500000,0
021514000,Gonzaga,020000000,021500000,0
021515000,Iguig,020000000,021500000,0
021516000,Lal-Lo,020000000,021500000,0
021517000,Lasam,020000000,021500000,0
021518000,Pamplona,020000000,021500000,0
021519000,Peñablanca,020000000,021500000,0
021520000,Piat,020000000,021500000,0
021521000,Rizal,020000000,021500000,0
021522000,Sanchez-Mira,020000000,021500000,0
021523000,Santa Ana,020000000,021500000,0
021524000,Santa Praxedes,020000000,021500000,0
021525000,Santa Teresita,020000000,021500000,0
021526000,Santo Niño,020000000,021500000,0
021527000,Solana,020000000,021500000,0
021528000,Tuao,020000000,021500000,0
021529000,Tuguegarao City,020000000,021500000,1
023101000,Alicia,020000000,023100000,0
023102000,Angadanan,020000000,023100000,0
023103000,Aurora,020000000,023100000,0
023104000,Benito Soliven,020000000,023100000,0
023105000,Burgos,020000000,023100000,0
023106000,Cabagan,020000000,023100000,0
023107000,Cabatuan,020000000,023100000,0
023108000,City of Cauayan,020000000,023100000,1
023109000,Cordon,020000000,023100000,0
023110000,Dinapigue,020000000,023100000,0
023111000,Divilacan,020000000,023100000,0
023112000,Echague,020000000,023100000,0
023113000,Gamu,020000000,023100000,0
023114000,City of Ilagan,020000000,023100000,1
023115000,Jones,020000000,023100000,0
023116000,Luna,020000000,023100000,0
023117000,Maconacon,020000000,023100000,0
023118000,Delfin Albano,020000000,023100000,0
023119000,Mallig,020000000,023100000,0
023120000,Naguilian,020000000,023100000,0
023121000,Palanan,020000000,023100000,0
023122000,Quezon,020000000,023100000,0
023123000,Quirino,020000000,023100000,0
023124000,Ramon,020000000,023100000,0
023125000,Reina Mercedes,020000000,023100000,0
023126000,Roxas,020000000,023100000,0
023127000,San Agustin,020000000,023100000,0
023128000,San Guillermo,020000000,023100000,0
023129000,San Isidro,020000000,023100000,0
023130000,San Manuel,020000000,023100000,0
023131000,San Mariano,020000000,023100000,0
023132000,San Mateo,020000000,023100000,0
023133000,San Pablo,020000000,023100000,0
023134000,Santa Maria,020000000,023100000,0
023135000,City of Santiago,020000000,023100000,1
023136000,Santo Tomas,020000000,023100000,0
023137000,Tumauini,020000000,023100000,0
025001000,Ambaguio,020000000,025000000,0
025002000,Aritao,020000000,025000000,0
025003000,Bagabag,020000000,025000000,0
025004000,Bambang,020000000,025000000,0
025005000,Bayombong,020000000,025000000,0
025006000,Diadi,020000000,025000000,0
025007000,Dupax Del Norte,020000000,025000000,0
025008000,Dupax Del Sur,020000000,025000000,0
025009000,Kasibu,020000000,025000000,0
025010000,Kayapa,020000000,025000000,0
025011000,Quezon,020000000,025000000,0
025012000,Santa Fe,020000000,025000000,0
025013000,Solano,020000000,025000000,0
025014000,Villaverde,020000000,025000000,0
025015000,Alfonso Castaneda,020000000,025000000,0
025701000,Aglipay,020000000,025700000,0
025702000,Cabarroguis,020000000,025700000,0
025703000,Diffun,020000000,025700000,0
025704000,Maddela,020000000,025700000,0
025705000,Saguday,020000000,025700000,0
025706000,Nagtipunan,020000000,025700000,0
030801000,Abucay,030000000,030800000,0
030802000,Bagac,030000000,030800000,0
030803000,City of Balanga,030000000,030800000,1
030804000,Dinalupihan,030000000,030800000,0
030805000,Hermosa,030000000,030800000,0
030806000,Limay,030000000,030800000,0
030807000,Mariveles,030000000,030800000,0
030808000,Morong,030000000,030800000,0
030809000,Orani,030000000,030800000,0
030810000,Orion,030000000,030800000,0
030811000,Pilar,030000000,030800000,0
030812000,Samal,030000000,030800000,0
031401000,Angat,030000000,031400000,0
031402000,Balagtas,030000000,031400000,0
031403000,Baliuag,030000000,031400000,0
031404000,Bocaue,030000000,031400000,0
031405000,Bulacan,030000000,031400000,0
031406000,Bustos,030000000,031400000,0
031407000,Calumpit,030000000,031400000,0
031408000,Guiguinto,030000000,031400000,0
031409000,Hagonoy,030000000,031400000,0
031410000,City of Malolos,030000000,031400000,1
031411000,Marilao,030000000,031400000,0
031412000,City of Meycauayan,030000000,031400000,1
031413000,Norzagaray,030000000,031400000,0
031414000,Obando,030000000,031400000,0
031415000,Pandi,030000000,031400000,0
031416000,Paombong,030000000,031400000,0
031417000,Plaridel,030000000,031400000,0
031418000,Pulilan,030000000,031400000,0
031419000,San Ildefonso,030000000,031400000,0
031420000,City of San Jose Del Monte,030000000,031400000,1
031421000,San Miguel,030000000,031400000,0
031422000,San Rafael,030000000,031400000,0
031423000,Santa Maria,030000000,031400000,0
031424000,Doña Remedios Trinidad,030000000,031400000,0
034901000,Aliaga,030000000,034900000,0
034902000,Bongabon,030000000,034900000,0
034903000,City of Cabanatuan,030000000,034900000,1
034904000,Cabiao,030000000,034900000,0
034905000,Carranglan,030000000,034900000,0
034906000,Cuyapo,030000000,034900000,0
034907000,Gabaldon,030000000,034900000,0
034908000,City of Gapan,030000000,034900000,1
034909000,General Mamerto Natividad,030000000,034900000,0
034910000,General Tinio,030000000,034900000,0
034911000,Guimba,030000000,034900000,0
034912000,Jaen,030000000,034900000,0
034913000,Laur,030000000,034900000,0
034914000,Licab,030000000,034900000,0
034915000,Llanera,030000000,034900000,0
034916000,Lupao,030000000,034900000,0
034917000,Science City of Muñoz,030000000,034900000,1
034918000,Nampicuan,030000000,034900000,0
034919000,City of Palayan,030000000,034900000,1
034920000,Pantabangan,030000000,034900000,0
034921000,Peñaranda,030000000,034900000,0
034922000,Quezon,030000000,034900000,0
034923000,Rizal,030000000,034900000,0
034924000,San Antonio,030000000,034900000,0
034925000,San Isidro,030000000,034900000,0
034926000,San Jose City,030000000,034900000,1
034927000,San Leonardo,030000000,034900000,0
034928000,Santa Rosa,030000000,034900000,0
034929000,Santo Domingo,030000000,034900000,0
034930000,Talavera,030000000,034900000,0
034931000,Talugtug,030000000,034900000,0
034932000,Zaragoza,030000000,034900000,0
035401000,City of Angeles,030000000,035400000,1
035402000,Apalit,030000000,035400000,0
035403000,Arayat,030000000,035400000,0
035404000,Bacolor,030000000,035400000,0
035405000,Candaba,030000000,035400000,0
035406000,Floridablanca,030000000,035400000,0
035407000,Guagua,030000000,035400000,0
035408000,Lubao,030000000,035400000,0
035409000,Mabalacat City,030000000,035400000,1
035410000,Macabebe,030000000,035400000,0
035411000,Magalang,030000000,035400000,0
035412000,Masantol,030000000,035400000,0
035413000,Mexico,030000000,035400000,0
035414000,Minalin,030000000,035400000,0
035415000,Porac,030000000,035400000,0
035416000,City of San Fernando,030000000,035400000,1
035417000,San Luis,030000000,035400000,0
035418000,San Simon,030000000,035400000,0
035419000,Santa Ana,030000000,035400000,0
035420000,Santa Rita,030000000,035400000,0
035421000,Sto. Tomas,030000000,035400000,0
035422000,Sasmuan,030000000,035400000,0
036901000,Anao,030000000,036900000,0
036902000,Bamban,030000000,036900000,0
036903000,Camiling,030000000,036900000,0
036904000,Capas,030000000,036900000,0
036905000,Concepcion,030000000,036900000,0
036906000,Gerona,030000000,036900000,0
036907000,La Paz,030000000,036900000,0
036908000,Mayantoc,030000000,036900000,0
036909000,Moncada,030000000,036900000,0
036910000,Paniqui,030000000,036900000,0
036911000,Pura,030000000,036900000,0
036912000,Ramos,030000000,036900000,0
036913000,San Clemente,030000000,036900000,0
036914000,San Manuel,030000000,036900000,0
036915000,Santa Ignacia,030000000,036900000,0
036916000,City of Tarlac,030000000,036900000,1
036917000,Victoria,030000000,036900000,0
036918000,San Jose,030000000,036900000,0
037101000,Botolan,030000000,037100000,0
037102000,Cabangan,030000000,037100000,0
037103000,Candelaria,030000000,037100000,0
037104000,Castillejos,030000000,037100000,0
037105000,Iba,030000000,037100000,0
037106000,Masinloc,030000000,037100000,0
037107000,City of Olongapo,030000000,037100000,1
037108000,Palauig,030000000,037100000,0
037109000,San Antonio,030000000,037100000,0
037110000,San Felipe,030000000,037100000,0
037111000,San Marcelino,030000000,037100000,0
037112000,San Narciso,030000000,037100000,0
037113000,Santa Cruz,030000000,037100000,0
037114000,Subic,030000000,037100000,0
037701000,Baler,030000000,037700000,0
037702000,Casiguran,030000000,037700000,0
037703000,Dilasag,030000000,037700000,0
037704000,Dinalungan,030000000,037700000,0
037705000,Dingalan,030000000,037700000,0
037706000,Dipaculao,030000000,037700000,0
037707000,Maria Aurora,030000000,037700000,0
037708000,San Luis,030000000,037700000,0
041001000,Agoncillo,040000000,041000000,0
041002000,Alitagtag,040000000,041000000,0
041003000,Balayan,040000000,041000000,0
041004000,Balete,040000000,041000000,0
041005000,Batangas City,040000000,041000000,1
041006000,Bauan,040000000,041000000,0
041007000,Calaca,040000000,041000000,0
041008000,Calatagan,040000000,041000000,0
041009000,Cuenca,040000000,041000000,0
041010000,Ibaan,040000000,041000000,0
041011000,Laurel,040000000,041000000,0
041012000,Lemery,040000000,041000000,0
041013000,Lian,040000000,041000000,0
041014000,City of Lipa,040000000,041000000,1
041015000,Lobo,040000000,041000000,0
041016000,Mabini,040000000,041000000,0
041017000,Malvar,040000000,041000000,0
041018000,Mataasnakahoy,040000000,041000000,0
041019000,Nasugbu,040000000,041000000,0
041020000,Padre Garcia,040000000,041000000,0
041021000,Rosario,040000000,041000000,0
041022000,San Jose,040000000,041000000,0
041023000,San Juan,040000000,041000000,0
041024000,San Luis,040000000,041000000,0
041025000,San Nicolas,040000000,041000000,0
041026000,San Pascual,040000000,041000000,0
041027000,Santa Teresita,040000000,041000000,0
041028000,City of Sto. Tomas,040000000,041000000,1
041029000,Taal,040000000,041000000,0
041030000,Talisay,040000000,041000000,0
041031000,City of Tanauan,040000000,041000000,1
041032000,Taysan,040000000,041000000,0
041033000,Tingloy,040000000,041000000,0
041034000,Tuy,040000000,041000000,0
042101000,Alfonso,040000000,042100000,0
042102000,Amadeo,040000000,042100000,0
042103000,City of Bacoor,040000000,042100000,1
042104000,Carmona,040000000,042100000,0
042105000,City of Cavite,040000000,042100000,1
042106000,City of Dasmariñas,040000000,042100000,1
042107000,General Emilio Aguinaldo,040000000,042100000,0
042108000,City of General Trias,040000000,042100000,1
042109000,City of Imus,040000000,042100000,1
042110000,Indang,040000000,042100000,0
042111000,Kawit,040000000,042100000,0
042112000,Magallanes,040000000,042100000,0
042113000,Maragondon,040000000,042100000,0
042114000,Mendez,040000000,042100000,0
042115000,Naic,040000000,042100000,0
042116000,Noveleta,040000000,042100000,0
042117000,Rosario,040000000,042100000,0
042118000,Silang,040000000,042100000,0
042119000,City of Tagaytay,040000000,042100000,1
042120000,Tanza,040000000,042100000,0
042121000,Ternate,040000000,042100000,0
042122000,City of Trece Martires,040000000,042100000,1
042123000,Gen. Mariano Alvarez,040000000,042100000,0
043401000,Alaminos,040000000,043400000,0
043402000,Bay,040000000,043400000,0
043403000,City of Biñan,040000000,043400000,1
043404000,City of Cabuyao,040000000,043400000,1
043405000,City of Calamba,040000000,043400000,1
043406000,Calauan,040000000,043400000,0
043407000,Cavinti,040000000,043400000,0
043408000,Famy,040000000,043400000,0
043409000,Kalayaan,040000000,043400000,0
043410000,Liliw,040000000,043400000,0
043411000,Los Baños,040000000,043400000,0
043412000,Luisiana,040000000,043400000,0
043413000,Lumban,040000000,043400000,0
043414000,Mabitac,040000000,043400000,0
043415000,Magdalena,040000000,043400000,0
043416000,Majayjay,040000000,043400000,0
043417000,Nagcarlan,040000000,043400000,0
043418000,Paete,040000000,043400000,0
043419000,Pagsanjan,040000000,043400000,0
043420000,Pakil,040000000,043400000,0
043421000,Pangil,040000000,043400000,0
043422000,Pila,040000000,043400000,0
043423000,Rizal,040000000,043400000,0
043424000,City of San Pablo,040000000,043400000,1
043425000,City of San Pedro,040000000,043400000,1
043426000,Santa Cruz,040000000,043400000,0
043427000,Santa Maria,040000000,043400000,0
043428000,City of Santa Rosa,040000000,043400000,1
043429000,Siniloan,040000000,043400000,0
043430000,Victoria,040000000,043400000,0
045601000,Agdangan,040000000,045600000,0
045602000,Alabat,040000000,045600000,0
045603000,Atimonan,040000000,045600000,0
045605000,Buenavista,040000000,045600000,0
045606000,Burdeos,040000000,045600000,0
045607000,Calauag,040000000,045600000,0
045608000,Candelaria,040000000,045600000,0
045610000,Catanauan,040000000,045600000,0
045615000,Dolores,040000000,045600000,0
045616000,General Luna,040000000,045600000,0
045617000,General Nakar,040000000,045600000,0
045618000,Guinayangan,040000000,045600000,0
045619000,Gumaca,040000000,045600000,0
045620000,Infanta,040000000,045600000,0
045621000,Jomalig,040000000,045600000,0
045622000,Lopez,040000000,045600000,0
045623000,Lucban,040000000,045600000,0
045624000,City of Lucena,040000000,045600000,1
045625000,Macalelon,040000000,045600000,0
045627000,Mauban,040000000,045600000,0
045628000,Mulanay,040000000,045600000,0
045629000,Padre Burgos,040000000,045600000,0
045630000,Pagbilao,040000000,045600000,0
045631000,Panukulan,040000000,045600000,0
045632000,Patnanungan,040000000,045600000,0
045633000,Perez,040000000,045600000,0
045634000,Pitogo,040000000,045600000,0
045635000,Plaridel,040000000,045600000,0
045636000,Polillo,040000000,045600000,0
045637000,Quezon,040000000,045600000,0
045638000,Real,040000000,045600000,0
045639000,Sampaloc,040000000,045600000,0
045640000,San Andres,040000000,045600000,0
045641000,San Antonio,040000000,045600000,0
045642000,San Francisco,040000000,045600000,0
045644000,San Narciso,040000000,045600000,0
045645000,Sariaya,040000000,045600000,0
045646000,Tagkawayan,040000000,045600000,0
045647000,City of Tayabas,040000000,045600000,1
045648000,Tiaong,040000000,045600000,0
045649000,Unisan,040000000,045600000,0
045801000,Angono,040000000,045800000,0
045802000,City of Antipolo,040000000,045800000,1
045803000,Baras,040000000,045800000,0
045804000,Binangonan,040000000,045800000,0
045805000,Cainta,040000000,045800000,0
045806000,Cardona,040000000,045800000,0
045807000,Jala-Jala,040000000,045800000,0
045808000,Rodriguez,040000000,045800000,0
045809000,Morong,040000000,045800000,0
045810000,Pililla,040000000,045800000,0
045811000,San Mateo,040000000,045800000,0
045812000,Tanay,040000000,045800000,0
045813000,Taytay,040000000,045800000,0
045814000,Teresa,040000000,045800000,0
050501000,Bacacay,050000000,050500000,0
050502000,Camalig,050000000,050500000,0
050503000,Daraga,050000000,050500000,0
050504000,Guinobatan,050000000,050500000,0
050505000,Jovellar,050000000,050500000,0
050506000,City of Legazpi,050000000,050500000,1
050507000,Libon,050000000,050500000,0
050508000,City of Ligao,050000000,050500000,1
050509000,Malilipot,050000000,050500000,0
050510000,Malinao,050000000,050500000,0
050511000,Manito,050000000,050500000,0
050512000,Oas,050000000,050500000,0
050513000,Pio Duran,050000000,050500000,0
050514000,Polangui,050000000,050500000,0
050515000,Rapu-Rapu,050000000,050500000,0
050516000,Santo Domingo,050000000,050500000,0
050517000,City of Tabaco,050000000,050500000,1
050518000,Tiwi,050000000,050500000,0
051601000,Basud,050000000,051600000,0
051602000,Capalonga,050000000,051600000,0
051603000,Daet,050000000,051600000,0
051604000,San Lorenzo Ruiz,050000000,051600000,0
051605000,Jose Panganiban,050000000,051600000,0
051606000,Labo,050000000,051600000,0
051607000,Mercedes,050000000,051600000,0
051608000,Paracale,050000000,051600000,0
051609000,San Vicente,050000000,051600000,0
051610000,Santa Elena,050000000,051600000,0
051611000,Talisay,050000000,051600000,0
051612000,Vinzons,050000000,051600000,0
051701000,Baao,050000000,051700000,0
051702000,Balatan,050000000,051700000,0
051703000,Bato,050000000,051700000,0
051704000,Bombon,050000000,051700000,0
051705000,Buhi,050000000,051700000,0
051706000,Bula,050000000,051700000,0
051707000,Cabusao,050000000,051700000,0
051708000,Calabanga,050000000,051700000,0
051709000,Camaligan,050000000,051700000,0
051710000,Canaman,050000000,051700000,0
051711000,Caramoan,050000000,051700000,0
051712000,Del Gallego,050000000,051700000,0
051713000,Gainza,050000000,051700000,0
051714000,Garchitorena,050000000,051700000,0
051715000,Goa,050000000,051700000,0
051716000,City of Iriga,050000000,051700000,1
051717000,Lagonoy,050000000,051700000,0
051718000,Libmanan,050000000,051700000,0
051719000,Lupi,050000000,051700000,0
051720000,Magarao,050000000,051700000,0
051721000,Milaor,050000000,051700000,0
051722000,Minalabac,050000000,051700000,0
051723000,Nabua,050000000,051700000,0
051724000,City of Naga,050000000,051700000,1
051725000,Ocampo,050000000,051700000,0
051726000,Pamplona,050000000,051700000,0
051727000,Pasacao,050000000,051700000,0
051728000,Pili,050000000,051700000,0
051729000,Presentacion,050000000,051700000,0
051730000,Ragay,050000000,051700000,0
051731000,Sagñay,050000000,051700000,0
051732000,San Fernando,050000000,051700000,0
051733000,San Jose,050000000,051700000,0
051734000,Sipocot,050000000,051700000,0
051735000,Siruma,050000000,051700000,0
051736000,Tigaon,050000000,051700000,0
051737000,Tinambac,050000000,051700000,0
052001000,Bagamanoc,050000000,052000000,0
052002000,Baras,050000000,052000000,0
052003000,Bato,050000000,052000000,0
052004000,Caramoran,050000000,052000000,0
052005000,Gigmoto,050000000,052000000,0
052006000,Pandan,050000000,052000000,0
052007000,Panganiban,050000000,052000000,0
052008000,San Andres,050000000,052000000,0
052009000,San Miguel,050000000,052000000,0
052010000,Viga,050000000,052000000,0
052011000,Virac,050000000,052000000,0
054101000,Aroroy,050000000,054100000,0
054102000,Baleno,050000000,054100000,0
054103000,Balud,050000000,054100000,0
054104000,Batuan,050000000,054100000,0
054105000,Cataingan,050000000,054100000,0
054106000,Cawayan,050000000,054100000,0
054107000,Claveria,050000000,054100000,0
054108000,Dimasalang,050000000,054100000,0
054109000,Esperanza,050000000,054100000,0
054110000,Mandaon,050000000,054100000,0
054111000,City of Masbate,050000000,054100000,1
054112000,Milagros,050000000,054100000,0
054113000,Mobo,050000000,054100000,0
054114000,Monreal,050000000,054100000,0
054115000,Palanas,050000000,054100000,0
054116000,Pio v. Corpuz,050000000,054100000,0
054117000,Placer,050000000,054100000,0
054118000,San Fernando,050000000,054100000,0
054119000,San Jacinto,050000000,054100000,0
054120000,San Pascual,050000000,054100000,0
054121000,Uson,050000000,054100000,0
056202000,Barcelona,050000000,056200000,0
056203000,Bulan,050000000,056200000,0
056204000,Bulusan,050000000,056200000,0
056205000,Casiguran,050000000,056200000,0
056206000,Castilla,050000000,056200000,0
056207000,Donsol,050000000,056200000,0
056208000,Gubat,050000000,056200000,0
056209000,Irosin,050000000,056200000,0
056210000,Juban,050000000,056200000,0
056211000,Magallanes,050000000,056200000,0
056212000,Matnog,050000000,056200000,0
056213000,Pilar,050000000,056200000,0
056214000,Prieto Diaz,050000000,056200000,0
056215000,Santa Magdalena,050000000,056200000,0
056216000,City of Sorsogon,050000000,056200000,1
060401000,Altavas,060000000,060400000,0
060402000,Balete,060000000,060400000,0
060403000,Banga,060000000,060400000,0
060404000,Batan,060000000,060400000,0
060405000,Buruanga,060000000,060400000,0
060406000,Ibajay,060000000,060400000,0
060407000,Kalibo,060000000,060400000,0
060408000,Lezo,060000000,060400000,0
060409000,Libacao,060000000,060400000,0
060410000,Madalag,060000000,060400000,0
060411000,Makato,060000000,060400000,0
060412000,Malay,060000000,060400000,0
060413000,Malinao,060000000,060400000,0
060414000,Nabas,060000000,060400000,0
060415000,New Washington,060000000,060400000,0
060416000,Numancia,060000000,060400000,0
060417000,Tangalan,060000000,060400000,0
060601000,Anini-Y,060000000,060600000,0
060602000,Barbaza,060000000,060600000,0
060603000,Belison,060000000,060600000,0
060604000,Bugasong,060000000,060600000,0
060605000,Caluya,060000000,060600000,0
060606000,Culasi,060000000,060600000,0
060607000,Tobias Fornier,060000000,060600000,0
060608000,Hamtic,060000000,060600000,0
060609000,Laua-An,060000000,060600000,0
060610000,Libertad,060000000,060600000,0
060611000,Pandan,060000000,060600000,0
060612000,Patnongon,060000000,060600000,0
060613000,San Jose,060000000,060600000,0
060614000,San Remigio,060000000,060600000,0
060615000,Sebaste,060000000,060600000,0
060616000,Sibalom,060000000,060600000,0
060617000,Tibiao,060000000,060600000,0
060618000,Valderrama,060000000,060600000,0
061901000,Cuartero,060000000,061900000,0
061902000,Dao,060000000,061900000,0
061903000,Dumalag,060000000,061900000,0
061904000,Dumarao,060000000,061900000,0
061905000,Ivisan,060000000,061900000,0
061906000,Jamindan,060000000,061900000,0
061907000,Ma-Ayon,060000000,061900000,0
061908000,Mambusao,060000000,061900000,0
061909000,Panay,060000000,061900000,0
061910000,Panitan,060000000,061900000,0
061911000,Pilar,060000000,061900000,0
061912000,Pontevedra,060000000,061900000,0
061913000,President Roxas,060000000,061900000,0
061914000,City of Roxas,060000000,061900000,1
061915000,Sapi-An,060000000,061900000,0
061916000,Sigma,060000000,061900000,0
061917000,Tapaz,060000000,061900000,0
063001000,Ajuy,060000000,063000000,0
063002000,Alimodian,060000000,063000000,0
063003000,Anilao,060000000,063000000,0
063004000,Badiangan,060000000,063000000,0
063005000,Balasan,060000000,063000000,0
063006000,Banate,060000000,063000000,0
063007000,Barotac Nuevo,060000000,063000000,0
063008000,Barotac Viejo,060000000,063000000,0
063009000,Batad,060000000,063000000,0
063010000,Bingawan,060000000,063000000,0
063012000,Cabatuan,060000000,063000000,0
063013000,Calinog,060000000,063000000,0
063014000,Carles,060000000,063000000,0
063015000,Concepcion,060000000,063000000,0
063016000,Dingle,060000000,063000000,0
063017000,Dueñas,060000000,063000000,0
063018000,Dumangas,060000000,063000000,0
063019000,Estancia,060000000,063000000,0
063020000,Guimbal,060000000,063000000,0
063021000,Igbaras,060000000,063000000,0
063022000,City of Iloilo,060000000,063000000,1
063023000,Janiuay,060000000,063000000,0
063025000,Lambunao,060000000,063000000,0
063026000,Leganes,060000000,063000000,0
063027000,Lemery,060000000,063000000,0
063028000,Leon,060000000,063000000,0
063029000,Maasin,060000000,063000000,0
063030000,Miagao,060000000,063000000,0
063031000,Mina,060000000,063000000,0
063032000,New Lucena,060000000,063000000,0
063034000,Oton,060000000,063000000,0
063035000,City of Passi,060000000,063000000,1
063036000,Pavia,060000000,063000000,0
063037000,Pototan,060000000,063000000,0
063038000,San Dionisio,060000000,063000000,0
063039000,San Enrique,060000000,063000000,0
063040000,San Joaquin,060000000,063000000,0
063041000,San Miguel,060000000,063000000,0
063042000,San Rafael,060000000,063000000,0
063043000,Santa Barbara,060000000,063000000,0
063044000,Sara,060000000,063000000,0
063045000,Tigbauan,060000000,063000000,0
063046000,Tubungan,060000000,063000000,0
063047000,Zarraga,060000000,063000000,0
064501000,City of Bacolod,060000000,064500000,1
064502000,City of Bago,060000000,064500000,1
064503000,Binalbagan,060000000,064500000,0
064504000,City of Cadiz,060000000,064500000,1
064505000,Calatrava,060000000,064500000,0
064506000,Candoni,060000000,064500000,0
064507000,Cauayan,060000000,064500000,0
064508000,Enrique B. Magalona,060000000,064500000,0
064509000,City of Escalante,060000000,064500000,1
064510000,City of Himamaylan,060000000,064500000,1
064511000,Hinigaran,060000000,064500000,0
064512000,Hinoba-An,060000000,064500000,0
064513000,Ilog,060000000,064500000,0
064514000,Isabela,060000000,064500000,0
064515000,City of Kabankalan,060000000,064500000,1
064516000,City of La Carlota,060000000,064500000,1
064517000,La Castellana,060000000,064500000,0
064518000,Manapla,060000000,064500000,0
064519000,Moises Padilla,060000000,064500000,0
064520000,Murcia,060000000,064500000,0
064521000,Pontevedra,060000000,064500000,0
064522000,Pulupandan,060000000,064500000,0
064523000,City of Sagay,060000000,064500000,1
064524000,City of San Carlos,060000000,064500000,1
064525000,San Enrique,060000000,064500000,0
064526000,City of Silay,060000000,064500000,1
064527000,City of Sipalay,060000000,064500000,1
064528000,City of Talisay,060000000,064500000,1
064529000,Toboso,060000000,064500000,0
064530000,Valladolid,060000000,064500000,0
064531000,City of Victorias,060000000,064500000,1
064532000,Salvador Benedicto,060000000,064500000,0
067901000,Buenavista,060000000,067900000,0
067902000,Jordan,060000000,067900000,0
067903000,Nueva Valencia,060000000,067900000,0
067904000,San Lorenzo,060000000,067900000,0
067905000,Sibunag,060000000,067900000,0
071201000,Alburquerque,070000000,071200000,0
071202000,Alicia,070000000,071200000,0
071203000,Anda,070000000,071200000,0
071204000,Antequera,070000000,071200000,0
071205000,Baclayon,070000000,071200000,0
071206000,Balilihan,070000000,071200000,0
071207000,Batuan,070000000,071200000,0
071208000,Bilar,070000000,071200000,0
071209000,Buenavista,070000000,071200000,0
071210000,Calape,070000000,071200000,0
071211000,Candijay,070000000,071200000,0
071212000,Carmen,070000000,071200000,0
071213000,Catigbian,070000000,071200000,0
071214000,Clarin,070000000,071200000,0
071215000,Corella,070000000,071200000,0
071216000,Cortes,070000000,071200000,0
071217000,Dagohoy,070000000,071200000,0
071218000,Danao,070000000,071200000,0
071219000,Dauis,070000000,071200000,0
071220000,Dimiao,070000000,071200000,0
071221000,Duero,070000000,071200000,0
071222000,Garcia Hernandez,070000000,071200000,0
071223000,Guindulman,070000000,071200000,0
071224000,Inabanga,070000000,071200000,0
071225000,Jagna,070000000,071200000,0
071226000,Getafe,070000000,071200000,0
071227000,Lila,070000000,071200000,0
071228000,Loay,070000000,071200000,0
071229000,Loboc,070000000,071200000,0
071230000,Loon,070000000,071200000,0
071231000,Mabini,070000000,071200000,0
071232000,Maribojoc,070000000,071200000,0
071233000,Panglao,070000000,071200000,0
071234000,Pilar,070000000,071200000,0
071235000,President Carlos P. Garcia,070000000,071200000,0
071236000,Sagbayan,070000000,071200000,0
071237000,San Isidro,070000000,071200000,0
071238000,San Miguel,070000000,071200000,0
071239000,Sevilla,070000000,071200000,0
071240000,Sierra Bullones,070000000,071200000,0
071241000,Sikatuna,070000000,071200000,0
071242000,City of Tagbilaran,070000000,071200000,1
071243000,Talibon,070000000,071200000,0
071244000,Trinidad,070000000,071200000,0
071245000,Tubigon,070000000,071200000,0
071246000,Ubay,070000000,071200000,0
071247000,Valencia,070000000,071200000,0
071248000,Bien Unido,070000000,071200000,0
072201000,Alcantara,070000000,072200000,0
072202000,Alcoy,070000000,072200000,0
072203000,Alegria,070000000,072200000,0
072204000,Aloguinsan,070000000,072200000,0
072205000,Argao,070000000,072200000,0
072206000,Asturias,070000000,072200000,0
072207000,Badian,070000000,072200000,0
072208000,Balamban,070000000,072200000,0
072209000,Bantayan,070000000,072200000,0
072210000,Barili,070000000,072200000,0
072211000,City of Bogo,070000000,072200000,1
072212000,Boljoon,070000000,072200000,0
072213000,Borbon,070000000,072200000,0
072214000,City of Carcar,070000000,072200000,1
072215000,Carmen,070000000,072200000,0
072216000,Catmon,070000000,072200000,0
072217000,City of Cebu,070000000,072200000,1
072218000,Compostela,070000000,072200000,0
072219000,Consolacion,070000000,072200000,0
072220000,Cordova,070000000,072200000,0
072221000,Daanbantayan,070000000,072200000,0
072222000,Dalaguete,070000000,072200000,0
072223000,Danao City,070000000,072200000,1
072224000,Dumanjug,070000000,072200000,0
072225000,Ginatilan,070000000,072200000,0
072226000,City of Lapu-Lapu,070000000,072200000,1
072227000,Liloan,070000000,072200000,0
072228000,Madridejos,070000000,072200000,0
072229000,Malabuyoc,070000000,072200000,0
072230000,City of Mandaue,070000000,072200000,1
072231000,Medellin,070000000,072200000,0
072232000,Minglanilla,070000000,072200000,0
072233000,Moalboal,070000000,072200000,0
072234000,City of Naga,070000000,072200000,1
072235000,Oslob,070000000,072200000,0
072236000,Pilar,070000000,072200000,0
072237000,Pinamungajan,070000000,072200000,0
072238000,Poro,070000000,072200000,0
072239000,Ronda,070000000,072200000,0
072240000,Samboan,070000000,072200000,0
072241000,San Fernando,070000000,072200000,0
072242000,San Francisco,070000000,072200000,0
072243000,San Remigio,070000000,072200000,0
072244000,Santa Fe,070000000,072200000,0
072245000,Santander,070000000,072200000,0
072246000,Sibonga,070000000,072200000,0
072247000,Sogod,070000000,072200000,0
072248000,Tabogon,070000000,072200000,0
072249000,Tabuelan,070000000,072200000,0
072250000,City of Talisay,070000000,072200000,1
072251000,City of Toledo,070000000,072200000,1
072252000,Tuburan,070000000,072200000,0
072253000,Tudela,070000000,072200000,0
074601000,Amlan,070000000,074600000,0
074602000,Ayungon,070000000,074600000,0
074603000,Bacong,070000000,074600000,0
074604000,City of Bais,070000000,074600000,1
074605000,Basay,070000000,074600000,0
074606000,City of Bayawan,070000000,074600000,1
074607000,Bindoy,070000000,074600000,0
074608000,City of Canlaon,070000000,074600000,1
074609000,Dauin,070000000,074600000,0
074610000,City of Dumaguete,070000000,074600000,1
074611000,City of Guihulngan,070000000,074600000,1
074612000,Jimalalud,070000000,074600000,0
074613000,La Libertad,070000000,074600000,0
074614000,Mabinay,070000000,074600000,0
074615000,Manjuyod,070000000,074600000,0
074616000,Pamplona,070000000,074600000,0
074617000,San Jose,070000000,074600000,0
074618000,Santa Catalina,070000000,074600000,0
074619000,Siaton,070000000,074600000,0
074620000,Sibulan,070000000,074600000,0
074621000,City of Tanjay,070000000,074600000,1
074622000,Tayasan,070000000,074600000,0
074623000,Valencia,070000000,074600000,0
074624000,Vallehermoso,070000000,074600000,0
074625000,Zamboanguita,070000000,074600000,0
076101000,Enrique Villanueva,070000000,076100000,0
076102000,Larena,070000000,076100000,0
076103000,Lazi,070000000,076100000,0
076104000,Maria,070000000,076100000,0
076105000,San Juan,070000000,076100000,0
076106000,Siquijor,070000000,076100000,0
082601000,Arteche,080000000,082600000,0
082602000,Balangiga,080000000,082600000,0
082603000,Balangkayan,080000000,082600000,0
082604000,City of Borongan,080000000,082600000,1
082605000,Can-Avid,080000000,082600000,0
082606000,Dolores,080000000,082600000,0
082607000,General Macarthur,080000000,082600000,0
082608000,Giporlos,080000000,082600000,0
082609000,Guiuan,080000000,082600000,0
082610000,Hernani,080000000,082600000,0
082611000,Jipapad,080000000,082600000,0
082612000,Lawaan,080000000,082600000,0
082613000,Llorente,080000000,082600000,0
082614000,Maslog,080000000,082600000,0
082615000,Maydolong,080000000,082600000,0
082616000,Mercedes,080000000,082600000,0
082617000,Oras,080000000,082600000,0
082618000,Quinapondan,080000000,082600000,0
082619000,Salcedo,080000000,082600000,0
082620000,San Julian,080000000,082600000,0
082621000,San Policarpo,080000000,082600000,0
082622000,Sulat,080000000,082600000,0
082623000,Taft,080000000,082600000,0
083701000,Abuyog,080000000,083700000,0
083702000,Alangalang,080000000,083700000,0
083703000,Albuera,080000000,083700000,0
083705000,Babatngon,080000000,083700000,0
083706000,Barugo,080000000,083700000,0
083707000,Bato,080000000,083700000,0
083708000,City of Baybay,080000000,083700000,1
083710000,Burauen,080000000,083700000,0
083713000,Calubian,080000000,083700000,0
083714000,Capoocan,080000000,083700000,0
083715000,Carigara,080000000,083700000,0
083717000,Dagami,080000000,083700000,0
083718000,Dulag,080000000,083700000,0
083719000,Hilongos,080000000,083700000,0
083720000,Hindang,080000000,083700000,0
083721000,Inopacan,080000000,083700000,0
083722000,Isabel,080000000,083700000,0
083723000,Jaro,080000000,083700000,0
083724000,Javier,080000000,083700000,0
083725000,Julita,080000000,083700000,0
083726000,Kananga,080000000,083700000,0
083728000,La Paz,080000000,083700000,0
083729000,Leyte,080000000,083700000,0
083730000,Macarthur,080000000,083700000,0
083731000,Mahaplag,080000000,083700000,0
083733000,Matag-Ob,080000000,083700000,0
083734000,Matalom,080000000,083700000,0
083735000,Mayorga,080000000,083700000,0
083736000,Merida,080000000,083700000,0
083738000,Ormoc City,080000000,083700000,1
083739000,Palo,080000000,083700000,0
083740000,Palompon,080000000,083700000,0
083741000,Pastrana,080000000,083700000,0
083742000,San Isidro,080000000,083700000,0
083743000,San Miguel,080000000,083700000,0
083744000,Santa Fe,080000000,083700000,0
083745000,Tabango,080000000,083700000,0
083746000,Tabontabon,080000000,083700000,0
083747000,City of Tacloban,080000000,083700000,1
083748000,Tanauan,080000000,083700000,0
083749000,Tolosa,080000000,083700000,0
083750000,Tunga,080000000,083700000,0
083751000,Villaba,080000000,083700000,0
084801000,Allen,080000000,084800000,0
084802000,Biri,080000000,084800000,0
084803000,Bobon,080000000,084800000,0
084804000,Capul,080000000,084800000,0
084805000,Catarman,080000000,084800000,0
084806000,Catubig,080000000,084800000,0
084807000,Gamay,080000000,084800000,0
084808000,Laoang,080000000,084800000,0
084809000,Lapinig,080000000,084800000,0
084810000,Las Navas,080000000,084800000,0
084811000,Lavezares,080000000,084800000,0
084812000,Mapanas,080000000,084800000,0
084813000,Mondragon,080000000,084800000,0
084814000,Palapag,080000000,084800000,0
084815000,Pambujan,080000000,084800000,0
084816000,Rosario,080000000,084800000,0
084817000,San Antonio,080000000,084800000,0
084818000,San Isidro,080000000,084800000,0
084819000,San Jose,080000000,084800000,0
084820000,San Roque,080000000,084800000,0
084821000,San Vicente,080000000,084800000,0
084822000,Silvino Lobos,080000000,084800000,0
084823000,Victoria,080000000,084800000,0
084824000,Lope De Vega,080000000,084800000,0
086001000,Almagro,080000000,086000000,0
086002000,Basey,080000000,086000000,0
086003000,City of Calbayog,080000000,086000000,1
086004000,Calbiga,080000000,086000000,0
086005000,City of Catbalogan,080000000,086000000,1
086006000,Daram,080000000,086000000,0
086007000,Gandara,080000000,086000000,0
086008000,Hinabangan,080000000,086000000,0
086009000,Jiabong,080000000,086000000,0
086010000,Marabut,080000000,086000000,0
086011000,Matuguinao,080000000,086000000,0
086012000,Motiong,080000000,086000000,0
086013000,Pinabacdao,080000000,086000000,0
086014000,San Jose De Buan,080000000,086000000,0
086015000,San Sebastian,080000000,086000000,0
086016000,Santa Margarita,080000000,086000000,0
086017000,Santa Rita,080000000,086000000,0
086018000,Santo Niño,080000000,086000000,0
086019000,Talalora,080000000,086000000,0
086020000,Tarangnan,080000000,086000000,0
086021000,Villareal,080000000,086000000,0
086022000,Paranas,080000000,086000000,0
086023000,Zumarraga,080000000,086000000,0
086024000,Tagapul-An,080000000,086000000,0
086025000,San Jorge,080000000,086000000,0
086026000,Pagsanghan,080000000,086000000,0
086401000,Anahawan,080000000,086400000,0
086402000,Bontoc,080000000,086400000,0
086403000,Hinunangan,080000000,086400000,0
086404000,Hinundayan,080000000,086400000,0
086405000,Libagon,080000000,086400000,0
086406000,Liloan,080000000,086400000,0
086407000,City of Maasin,080000000,086400000,1
086408000,Macrohon,080000000,086400000,0
086409000,Malitbog,080000000,086400000,0
086410000,Padre Burgos,080000000,086400000,0
086411000,Pintuyan,080000000,086400000,0
086412000,Saint Bernard,080000000,086400000,0
086413000,San Francisco,080000000,086400000,0
086414000,San Juan,080000000,086400000,0
086415000,San Ricardo,080000000,086400000,0
086416000,Silago,080000000,086400000,0
086417000,Sogod,080000000,086400000,0
086418000,Tomas Oppus,080000000,086400000,0
086419000,Limasawa,080000000,086400000,0
087801000,Almeria,080000000,087800000,0
087802000,Biliran,080000000,087800000,0
087803000,Cabucgayan,080000000,087800000,0
087804000,Caibiran,080000000,087800000,0
087805000,Culaba,080000000,087800000,0
087806000,Kawayan,080000000,087800000,0
087807000,Maripipi,080000000,087800000,0
087808000,Naval,080000000,087800000,0
097201000,City of Dapitan,090000000,097200000,1
097202000,City of Dipolog,090000000,097200000,1
097203000,Katipunan,090000000,097200000,0
097204000,La Libertad,090000000,097200000,0
097205000,Labason,090000000,097200000,0
097206000,Liloy,090000000,097200000,0
097207000,Manukan,090000000,097200000,0
097208000,Mutia,090000000,097200000,0
097209000,Piñan,090000000,097200000,0
097210000,Polanco,090000000,097200000,0
097211000,Pres. Manuel a. Roxas,090000000,097200000,0
097212000,Rizal,090000000,097200000,0
097213000,Salug,090000000,097200000,0
097214000,Sergio osmeña Sr.,090000000,097200000,0
097215000,Siayan,090000000,097200000,0
097216000,Sibuco,090000000,097200000,0
097217000,Sibutad,090000000,097200000,0
097218000,Sindangan,090000000,097200000,0
097219000,Siocon,090000000,097200000,0
097220000,Sirawai,090000000,097200000,0
097221000,Tampilisan,090000000,097200000,0
097222000,Jose Dalman,090000000,097200000,0
097223000,Gutalac,090000000,097200000,0
097224000,Baliguian,090000000,097200000,0
097225000,Godod,090000000,097200000,0
097226000,Bacungan,090000000,097200000,0
097227000,Kalawit,090000000,097200000,0
097302000,Aurora,090000000,097300000,0
097303000,Bayog,090000000,097300000,0
097305000,Dimataling,090000000,097300000,0
097306000,Dinas,090000000,097300000,0
097307000,Dumalinao,090000000,097300000,0
097308000,Dumingag,090000000,097300000,0
097311000,Kumalarang,090000000,097300000,0
097312000,Labangan,090000000,097300000,0
097313000,Lapuyan,090000000,097300000,0
097315000,Mahayag,090000000,097300000,0
097317000,Margosatubig,090000000,097300000,0
097318000,Midsalip,090000000,097300000,0
097319000,Molave,090000000,097300000,0
097322000,City of Pagadian,090000000,097300000,1
097323000,Ramon Magsaysay,090000000,097300000,0
097324000,San Miguel,090000000,097300000,0
097325000,San Pablo,090000000,097300000,0
097327000,Tabina,090000000,097300000,0
097328000,Tambulig,090000000,097300000,0
097330000,Tukuran,090000000,097300000,0
097332000,City of Zamboanga,090000000,097300000,1
097333000,Lakewood,090000000,097300000,0
097337000,Josefina,090000000,097300000,0
097338000,Pitogo,090000000,097300000,0
097340000,Sominot,090000000,097300000,0
097341000,Vincenzo a. Sagun,090000000,097300000,0
097343000,Guipos,090000000,097300000,0
097344000,Tigbao,090000000,097300000,0
098301000,Alicia,090000000,098300000,0
098302000,Buug,090000000,098300000,0
098303000,Diplahan,090000000,098300000,0
098304000,Imelda,090000000,098300000,0
098305000,Ipil,090000000,098300000,0
098306000,Kabasalan,090000000,098300000,0
098307000,Mabuhay,090000000,098300000,0
098308000,Malangas,090000000,098300000,0
098309000,Naga,090000000,098300000,0
098310000,Olutanga,090000000,098300000,0
098311000,Payao,090000000,098300000,0
098312000,Roseller Lim,090000000,098300000,0
098313000,Siay,090000000,098300000,0
098314000,Talusan,090000000,098300000,0
098315000,Titay,090000000,098300000,0
098316000,Tungawan,090000000,098300000,0
099701000,City of Isabela,090000000,,1
101301000,Baungon,100000000,101300000,0
101302000,Damulog,100000000,101300000,0
101303000,Dangcagan,100000000,101300000,0
101304000,Don Carlos,100000000,101300000,0
101305000,Impasug-Ong,100000000,101300000,0
101306000,Kadingilan,100000000,101300000,0
101307000,Kalilangan,100000000,101300000,0
101308000,Kibawe,100000000,101300000,0
101309000,Kitaotao,100000000,101300000,0
101310000,Lantapan,100000000,101300000,0
101311000,Libona,100000000,101300000,0
101312000,City of Malaybalay,100000000,101300000,1
101313000,Malitbog,100000000,101300000,0
101314000,Manolo Fortich,100000000,101300000,0
101315000,Maramag,100000000,101300000,0
101316000,Pangantucan,100000000,101300000,0
101317000,Quezon,100000000,101300000,0
101318000,San Fernando,100000000,101300000,0
101319000,Sumilao,100000000,101300000,0
101320000,Talakag,100000000,101300000,0
101321000,City of Valencia,100000000,101300000,1
101322000,Cabanglasan,100000000,101300000,0
101801000,Catarman,100000000,101800000,0
101802000,Guinsiliban,100000000,101800000,0
101803000,Mahinog,100000000,101800000,0
101804000,Mambajao,100000000,101800000,0
101805000,Sagay,100000000,101800000,0
103501000,Bacolod,100000000,103500000,0
103502000,Baloi,100000000,103500000,0
103503000,Baroy,100000000,103500000,0
103504000,City of Iligan,100000000,103500000,1
103505000,Kapatagan,100000000,103500000,0
103506000,Sultan Naga Dimaporo,100000000,103500000,0
103507000,Kauswagan,100000000,103500000,0
103508000,Kolambugan,100000000,103500000,0
103509000,Lala,100000000,103500000,0
103510000,Linamon,100000000,103500000,0
103511000,Magsaysay,100000000,103500000,0
103512000,Maigo,100000000,103500000,0
103513000,Matungao,100000000,103500000,0
103514000,Munai,100000000,103500000,0
103515000,Nunungan,100000000,103500000,0
103516000,Pantao Ragat,100000000,103500000,0
103517000,Poona Piagapo,100000000,103500000,0
103518000,Salvador,100000000,103500000,0
103519000,Sapad,100000000,103500000,0
103520000,Tagoloan,100000000,103500000,0
103521000,Tangcal,100000000,103500000,0
103522000,Tubod,100000000,103500000,0
103523000,Pantar,100000000,103500000,0
104201000,Aloran,100000000,104200000,0
104202000,Baliangao,100000000,104200000,0
104203000,Bonifacio,100000000,104200000,0
104204000,Calamba,100000000,104200000,0
104205000,Clarin,100000000,104200000,0
104206000,Concepcion,100000000,104200000,0
104207000,Jimenez,100000000,104200000,0
104208000,Lopez Jaena,100000000,104200000,0
104209000,City of Oroquieta,100000000,104200000,1
104210000,City of Ozamiz,100000000,104200000,1
104211000,Panaon,100000000,104200000,0
104212000,Plaridel,100000000,104200000,0
104213000,Sapang Dalaga,100000000,104200000,0
104214000,Sinacaban,100000000,104200000,0
104215000,City of Tangub,100000000,104200000,1
104216000,Tudela,100000000,104200000,0
104217000,Don Victoriano Chiongbian,100000000,104200000,0
104301000,Alubijid,100000000,104300000,0
104302000,Balingasag,100000000,104300000,0
104303000,Balingoan,100000000,104300000,0
104304000,Binuangan,100000000,104300000,0
104305000,City of Cagayan De Oro,100000000,104300000,1
104306000,Claveria,100000000,104300000,0
104307000,City of El Salvador,100000000,104300000,1
104308000,City of Gingoog,100000000,104300000,1
104309000,Gitagum,100000000,104300000,0
104310000,Initao,100000000,104300000,0
104311000,Jasaan,100000000,104300000,0
104312000,Kinoguitan,100000000,104300000,0
104313000,Lagonglong,100000000,104300000,0
104314000,Laguindingan,100000000,104300000,0
104315000,Libertad,100000000,104300000,0
104316000,Lugait,100000000,104300000,0
104317000,Magsaysay,100000000,104300000,0
104318000,Manticao,100000000,104300000,0
104319000,Medina,100000000,104300000,0
104320000,Naawan,100000000,104300000,0
104321000,Opol,100000000,104300000,0
104322000,Salay,100000000,104300000,0
104323000,Sugbongcogon,100000000,104300000,0
104324000,Tagoloan,100000000,104300000,0
104325000,Talisayan,100000000,104300000,0
104326000,Villanueva,100000000,104300000,0
112301000,Asuncion,110000000,112300000,0
112303000,Carmen,110000000,112300000,0
112305000,Kapalong,110000000,112300000,0
112314000,New Corella,110000000,112300000,0
112315000,City of Panabo,110000000,112300000,1
112317000,Island Garden City of Samal,110000000,112300000,1
112318000,Santo Tomas,110000000,112300000,0
112319000,City of Tagum,110000000,112300000,1
112322000,Talaingod,110000000,112300000,0
112323000,Braulio E. Dujali,110000000,112300000,0
112324000,San Isidro,110000000,112300000,0
112401000,Bansalan,110000000,112400000,0
112402000,City of Davao,110000000,112400000,1
112403000,City of Digos,110000000,112400000,1
112404000,Hagonoy,110000000,112400000,0
112406000,Kiblawan,110000000,112400000,0
112407000,Magsaysay,110000000,112400000,0
112408000,Malalag,110000000,112400000,0
112410000,Matanao,110000000,112400000,0
112411000,Padada,110000000,112400000,0
112412000,Santa Cruz,110000000,112400000,0
112414000,Sulop,110000000,112400000,0
112501000,Baganga,110000000,112500000,0
112502000,Banaybanay,110000000,112500000,0
112503000,Boston,110000000,112500000,0
112504000,Caraga,110000000,112500000,0
112505000,Cateel,110000000,112500000,0
112506000,Governor Generoso,110000000,112500000,0
112507000,Lupon,110000000,112500000,0
112508000,Manay,110000000,112500000,0
112509000,City of Mati,110000000,112500000,1
112510000,San Isidro,110000000,112500000,0
112511000,Tarragona,110000000,112500000,0
118201000,Compostela,110000000,118200000,0
118202000,Laak,110000000,118200000,0
118203000,Mabini,110000000,118200000,0
118204000,Maco,110000000,118200000,0
118205000,Maragusan,110000000,118200000,0
118206000,Mawab,110000000,118200000,0
118207000,Monkayo,110000000,118200000,0
118208000,Montevista,110000000,118200000,0
118209000,Nabunturan,110000000,118200000,0
118210000,New Bataan,110000000,118200000,0
118211000,Pantukan,110000000,118200000,0
118601000,Don Marcelino,110000000,118600000,0
118602000,Jose Abad Santos,110000000,118600000,0
118603000,Malita,110000000,118600000,0
118604000,Santa Maria,110000000,118600000,0
118605000,Sarangani,110000000,118600000,0
124701000,Alamada,120000000,124700000,0
124702000,Carmen,120000000,124700000,0
124703000,Kabacan,120000000,124700000,0
124704000,City of Kidapawan,120000000,124700000,1
124705000,Libungan,120000000,124700000,0
124706000,Magpet,120000000,124700000,0
124707000,Makilala,120000000,124700000,0
124708000,Matalam,120000000,124700000,0
124709000,Midsayap,120000000,124700000,0
124710000,M'lang,120000000,124700000,0
124711000,Pigkawayan,120000000,124700000,0
124712000,Pikit,120000000,124700000,0
124713000,President Roxas,120000000,124700000,0
124714000,Tulunan,120000000,124700000,0
124715000,Antipas,120000000,124700000,0
124716000,Banisilan,120000000,124700000,0
124717000,Aleosan,120000000,124700000,0
124718000,Arakan,120000000,124700000,0
126302000,Banga,120000000,126300000,0
126303000,City of General Santos,120000000,126300000,1
126306000,City of Koronadal,120000000,126300000,1
126311000,Norala,120000000,126300000,0
126312000,Polomolok,120000000,126300000,0
126313000,Surallah,120000000,126300000,0
126314000,Tampakan,120000000,126300000,0
126315000,Tantangan,120000000,126300000,0
126316000,T'boli,120000000,126300000,0
126317000,Tupi,120000000,126300000,0
126318000,Santo Niño,120000000,126300000,0
126319000,Lake Sebu,120000000,126300000,0
126501000,Bagumbayan,120000000,126500000,0
126502000,Columbio,120000000,126500000,0
126503000,Esperanza,120000000,126500000,0
126504000,Isulan,120000000,126500000,0
126505000,Kalamansig,120000000,126500000,0
126506000,Lebak,120000000,126500000,0
126507000,Lutayan,120000000,126500000,0
126508000,Lambayong,120000000,126500000,0
126509000,Palimbang,120000000,126500000,0
126510000,President Quirino,120000000,126500000,0
126511000,City of Tacurong,120000000,126500000,1
126512000,Sen. Ninoy Aquino,120000000,126500000,0
128001000,Alabel,120000000,128000000,0
128002000,Glan,120000000,128000000,0
128003000,Kiamba,120000000,128000000,0
128004000,Maasim,120000000,128000000,0
128005000,Maitum,120000000,128000000,0
128006000,Malapatan,120000000,128000000,0
128007000,Malungon,120000000,128000000,0
129804000,City of Cotabato,120000000,,1
133900000,City of Manila,130000000,,1
137401000,City of Mandaluyong,130000000,,1
137402000,City of Marikina,130000000,,1
137403000,City of Pasig,130000000,,1
137404000,Quezon City,130000000,,1
137405000,City of San Juan,130000000,,1
137501000,City of Caloocan,130000000,,1
137502000,City of Malabon,130000000,,1
137503000,City of Navotas,130000000,,1
137504000,City of Valenzuela,130000000,,1
137601000,City of Las Piñas,130000000,,1
137602000,City of Makati,130000000,,1
137603000,City of Muntinlupa,130000000,,1
137604000,City of Parañaque,130000000,,1
137605000,Pasay City,130000000,,1
137606000,Pateros,130000000,,0
137607000,City of Taguig,130000000,,1
140101000,Bangued,140000000,140100000,0
140102000,Boliney,140000000,140100000,0
140103000,Bucay,140000000,140100000,0
140104000,Bucloc,140000000,140100000,0
140105000,Daguioman,140000000,140100000,0
140106000,Danglas,140000000,140100000,0
140107000,Dolores,140000000,140100000,0
140108000,La Paz,140000000,140100000,0
140109000,Lacub,140000000,140100000,0
140110000,Lagangilang,140000000,140100000,0
140111000,Lagayan,140000000,140100000,0
140112000,Langiden,140000000,140100000,0
140113000,Licuan-Baay,140000000,140100000,0
140114000,Luba,140000000,140100000,0
140115000,Malibcong,140000000,140100000,0
140116000,Manabo,140000000,140100000,0
140117000,Peñarrubia,140000000,140100000,0
140118000,Pidigan,140000000,140100000,0
140119000,Pilar,140000000,140100000,0
140120000,Sallapadan,140000000,140100000,0
140121000,San Isidro,140000000,140100000,0
140122000,San Juan,140000000,140100000,0
140123000,San Quintin,140000000,140100000,0
140124000,Tayum,140000000,140100000,0
140125000,Tineg,140000000,140100000,0
140126000,Tubo,140000000,140100000,0
140127000,Villaviciosa,140000000,140100000,0
141101000,Atok,140000000,141100000,0
141102000,City of Baguio,140000000,141100000,1
141103000,Bakun,140000000,141100000,0
141104000,Bokod,140000000,141100000,0
141105000,Buguias,140000000,141100000,0
141106000,Itogon,140000000,141100000,0
141107000,Kabayan,140000000,141100000,0
141108000,Kapangan,140000000,141100000,0
141109000,Kibungan,140000000,141100000,0
141110000,La Trinidad,140000000,141100000,0
141111000,Mankayan,140000000,141100000,0
141112000,Sablan,140000000,141100000,0
141113000,Tuba,140000000,141100000,0
141114000,Tublay,140000000,141100000,0
142701000,Banaue,140000000,142700000,0
142702000,Hungduan,140000000,142700000,0
142703000,Kiangan,140000000,142700000,0
142704000,Lagawe,140000000,142700000,0
142705000,Lamut,140000000,142700000,0
142706000,Mayoyao,140000000,142700000,0
142707000,Alfonso Lista,140000000,142700000,0
142708000,Aguinaldo,140000000,142700000,0
142709000,Hingyon,140000000,142700000,0
142710000,Tinoc,140000000,142700000,0
142711000,Asipulo,140000000,142700000,0
143201000,Balbalan,140000000,143200000,0
143206000,Lubuagan,140000000,143200000,0
143208000,Pasil,140000000,143200000,0
143209000,Pinukpuk,140000000,143200000,0
143211000,Rizal,140000000,143200000,0
143213000,City of Tabuk,140000000,143200000,1
143214000,Tanudan,140000000,143200000,0
143215000,Tinglayan,140000000,143200000,0
144401000,Barlig,140000000,144400000,0
144402000,Bauko,140000000,144400000,0
144403000,Besao,140000000,144400000,0
144404000,Bontoc,140000000,144400000,0
144405000,Natonin,140000000,144400000,0
144406000,Paracelis,140000000,144400000,0
144407000,Sabangan,140000000,144400000,0
144408000,Sadanga,140000000,144400000,0
144409000,Sagada,140000000,144400000,0
144410000,Tadian,140000000,144400000,0
148101000,Calanasan,140000000,148100000,0
148102000,Conner,140000000,148100000,0
148103000,Flora,140000000,148100000,0
148104000,Kabugao,140000000,148100000,0
148105000,Luna,140000000,148100000,0
148106000,Pudtol,140000000,148100000,0
148107000,Santa Marcela,140000000,148100000,0
150702000,City of Lamitan,150000000,150700000,1
150703000,Lantawan,150000000,150700000,0
150704000,Maluso,150000000,150700000,0
150705000,Sumisip,150000000,150700000,0
150706000,Tipo-Tipo,150000000,150700000,0
150707000,Tuburan,150000000,150700000,0
150708000,Akbar,150000000,150700000,0
150709000,Al-Barka,150000000,150700000,0
150710000,Hadji Mohammad Ajul,150000000,150700000,0
150711000,Ungkaya Pukan,150000000,150700000,0
150712000,Hadji Muhtamad,150000000,150700000,0
150713000,Tabuan-Lasa,150000000,150700000,0
153601000,Bacolod-Kalawi,150000000,153600000,0
153602000,Balabagan,150000000,153600000,0
153603000,Balindong,150000000,153600000,0
153604000,Bayang,150000000,153600000,0
153605000,Binidayan,150000000,153600000,0
153606000,Bubong,150000000,153600000,0
153607000,Butig,150000000,153600000,0
153609000,Ganassi,150000000,153600000,0
153610000,Kapai,150000000,153600000,0
153611000,Lumba-Bayabao,150000000,153600000,0
153612000,Lumbatan,150000000,153600000,0
153613000,Madalum,150000000,153600000,0
153614000,Madamba,150000000,153600000,0
153615000,Malabang,150000000,153600000,0
153616000,Marantao,150000000,153600000,0
153617000,City of Marawi,150000000,153600000,1
153618000,Masiu,150000000,153600000,0
153619000,Mulondo,150000000,153600000,0
153620000,Pagayawan,150000000,153600000,0
153621000,Piagapo,150000000,153600000,0
153622000,Poona Bayabao,150000000,153600000,0
153623000,Pualas,150000000,153600000,0
153624000,Ditsaan-Ramain,150000000,153600000,0
153625000,Saguiaran,150000000,153600000,0
153626000,Tamparan,150000000,153600000,0
153627000,Taraka,150000000,153600000,0
153628000,Tubaran,150000000,153600000,0
153629000,Tugaya,150000000,153600000,0
153630000,Wao,150000000,153600000,0
153631000,Marogong,150000000,153600000,0
153632000,Calanogas,150000000,153600000,0
153633000,Buadiposo-Buntong,150000000,153600000,0
153634000,Maguing,150000000,153600000,0
153635000,Picong,150000000,153600000,0
153636000,Lumbayanague,150000000,153600000,0
153637000,Amai Manabilang,150000000,153600000,0
153638000,Tagoloan Ii,150000000,153600000,0
153639000,Kapatagan,150000000,153600000,0
153640000,Sultan Dumalondong,150000000,153600000,0
153641000,Lumbaca-Unayan,150000000,153600000,0
153801000,Ampatuan,150000000,153800000,0
153802000,Buldon,150000000,153800000,0
153803000,Buluan,150000000,153800000,0
153805000,Datu Paglas,150000000,153800000,0
153806000,Datu Piang,150000000,153800000,0
153807000,Datu Odin Sinsuat,150000000,153800000,0
153808000,Shariff Aguak,150000000,153800000,0
153809000,Matanog,150000000,153800000,0
153810000,Pagalungan,150000000,153800000,0
153811000,Parang,150000000,153800000,0
153812000,Sultan Kudarat,150000000,153800000,0
153813000,Sultan Sa Barongis,150000000,153800000,0
153814000,Kabuntalan,150000000,153800000,0
153815000,Upi,150000000,153800000,0
153816000,Talayan,150000000,153800000,0
153817000,South Upi,150000000,153800000,0
153818000,Barira,150000000,153800000,0
153819000,Gen. s.k. Pendatun,150000000,153800000,0
153820000,Mamasapano,150000000,153800000,0
153821000,Talitay,150000000,153800000,0
153822000,Pagagawan,150000000,153800000,0
153823000,Paglat,150000000,153800000,0
153824000,Sultan Mastura,150000000,153800000,0
153825000,Guindulungan,150000000,153800000,0
153826000,Datu Saudi-Ampatuan,150000000,153800000,0
153827000,Datu Unsay,150000000,153800000,0
153828000,Datu Abdullah Sangki,150000000,153800000,0
153829000,Rajah Buayan,150000000,153800000,0
153830000,Datu Blah T. Sinsuat,150000000,153800000,0
153831000,Datu Anggal Midtimbang,150000000,153800000,0
153832000,Mangudadatu,150000000,153800000,0
153833000,Pandag,150000000,153800000,0
153834000,Northern Kabuntalan,150000000,153800000,0
153835000,Datu Hoffer Ampatuan,150000000,153800000,0
153836000,Datu Salibo,150000000,153800000,0
153837000,Shariff Saydona Mustapha,150000000,153800000,0
156601000,Indanan,150000000,156600000,0
156602000,Jolo,150000000,156600000,0
156603000,Kalingalan Caluang,150000000,156600000,0
156604000,Luuk,150000000,156600000,0
156605000,Maimbung,150000000,156600000,0
156606000,Hadji Panglima Tahil,150000000,156600000,0
156607000,Old Panamao,150000000,156600000,0
156608000,Pangutaran,150000000,156600000,0
156609000,Parang,150000000,156600000,0
156610000,Pata,150000000,156600000,0
156611000,Patikul,150000000,156600000,0
156612000,Siasi,150000000,156600000,0
156613000,Talipao,150000000,156600000,0
156614000,Tapul,150000000,156600000,0
156615000,Tongkil,150000000,156600000,0
156616000,Panglima Estino,150000000,156600000,0
156617000,Lugus,150000000,156600000,0
156618000,Pandami,150000000,156600000,0
156619000,Omar,150000000,156600000,0
157001000,Panglima Sugala,150000000,157000000,0
157002000,Bongao,150000000,157000000,0
157003000,Mapun,150000000,157000000,0
157004000,Simunul,150000000,157000000,0
157005000,Sitangkai,150000000,157000000,0
157006000,South Ubian,150000000,157000000,0
157007000,Tandubas,150000000,157000000,0
157008000,Turtle Islands,150000000,157000000,0
157009000,Languyan,150000000,157000000,0
157010000,Sapa-Sapa,150000000,157000000,0
157011000,Sibutu,150000000,157000000,0
160201000,Buenavista,160000000,160200000,0
160202000,City of Butuan,160000000,160200000,1
160203000,City of Cabadbaran,160000000,160200000,1
160204000,Carmen,160000000,160200000,0
160205000,Jabonga,160000000,160200000,0
160206000,Kitcharao,160000000,160200000,0
160207000,Las Nieves,160000000,160200000,0
160208000,Magallanes,160000000,160200000,0
160209000,Nasipit,160000000,160200000,0
160210000,Santiago,160000000,160200000,0
160211000,Tubay,160000000,160200000,0
160212000,Remedios T. Romualdez,160000000,160200000,0
160301000,City of Bayugan,160000000,160300000,1
160302000,Bunawan,160000000,160300000,0
160303000,Esperanza,160000000,160300000,0
160304000,La Paz,160000000,160300000,0
160305000,Loreto,160000000,160300000,0
160306000,Prosperidad,160000000,160300000,0
160307000,Rosario,160000000,160300000,0
160308000,San Francisco,160000000,160300000,0
160309000,San Luis,160000000,160300000,0
160310000,Santa Josefa,160000000,160300000,0
160311000,Talacogon,160000000,160300000,0
160312000,Trento,160000000,160300000,0
160313000,Veruela,160000000,160300000,0
160314000,Sibagat,160000000,160300000,0
166701000,Alegria,160000000,166700000,0
166702000,Bacuag,160000000,166700000,0
166704000,Burgos,160000000,166700000,0
166706000,Claver,160000000,166700000,0
166707000,Dapa,160000000,166700000,0
166708000,Del Carmen,160000000,166700000,0
166710000,General Luna,160000000,166700000,0
166711000,Gigaquit,160000000,166700000,0
166714000,Mainit,160000000,166700000,0
166715000,Malimono,160000000,166700000,0
166716000,Pilar,160000000,166700000,0
166717000,Placer,160000000,166700000,0
166718000,San Benito,160000000,166700000,0
166719000,San Francisco,160000000,166700000,0
166720000,San Isidro,160000000,166700000,0
166721000,Santa Monica,160000000,166700000,0
166722000,Sison,160000000,166700000,0
166723000,Socorro,160000000,166700000,0
166724000,City of Surigao,160000000,166700000,1
166725000,Tagana-An,160000000,166700000,0
166727000,Tubod,160000000,166700000,0
166801000,Barobo,160000000,166800000,0
166802000,Bayabas,160000000,166800000,0
166803000,City of Bislig,160000000,166800000,1
166804000,Cagwait,160000000,166800000,0
166805000,Cantilan,160000000,166800000,0
166806000,Carmen,160000000,166800000,0
166807000,Carrascal,160000000,166800000,0
166808000,Cortes,160000000,166800000,0
166809000,Hinatuan,160000000,166800000,0
166810000,Lanuza,160000000,166800000,0
166811000,Lianga,160000000,166800000,0
166812000,Lingig,160000000,166800000,0
166813000,Madrid,160000000,166800000,0
166814000,Marihatag,160000000,166800000,0
166815000,San Agustin,160000000,166800000,0
166816000,San Miguel,160000000,166800000,0
166817000,Tagbina,160000000,166800000,0
166818000,Tago,160000000,166800000,0
166819000,City of Tandag,160000000,166800000,1
168501000,Basilisa,160000000,168500000,0
168502000,Cagdianao,160000000,168500000,0
168503000,Dinagat,160000000,168500000,0
168504000,Libjo,160000000,168500000,0
168505000,Loreto,160000000,168500000,0
168506000,San Jose,160000000,168500000,0
168507000,Tubajon,160000000,168500000,0
174001000,Boac,170000000,174000000,0
174002000,Buenavista,170000000,174000000,0
174003000,Gasan,170000000,174000000,0
174004000,Mogpog,170000000,174000000,0
174005000,Santa Cruz,170000000,174000000,0
174006000,Torrijos,170000000,174000000,0
175101000,Abra De Ilog,170000000,175100000,0
175102000,Calintaan,170000000,175100000,0
175103000,Looc,170000000,175100000,0
175104000,Lubang,170000000,175100000,0
175105000,Magsaysay,170000000,175100000,0
175106000,Mamburao,170000000,175100000,0
175107000,Paluan,170000000,175100000,0
175108000,Rizal,170000000,175100000,0
175109000,Sablayan,170000000,175100000,0
175110000,San Jose,170000000,175100000,0
175111000,Santa Cruz,170000000,175100000,0
175201000,Baco,170000000,175200000,0
175202000,Bansud,170000000,175200000,0
175203000,Bongabong,170000000,175200000,0
175204000,Bulalacao,170000000,175200000,0
175205000,City of Calapan,170000000,175200000,1
175206000,Gloria,170000000,175200000,0
175207000,Mansalay,170000000,175200000,0
175208000,Naujan,170000000,175200000,0
175209000,Pinamalayan,170000000,175200000,0
175210000,Pola,170000000,175200000,0
175211000,Puerto Galera,170000000,175200000,0
175212000,Roxas,170000000,175200000,0
175213000,San Teodoro,170000000,175200000,0
175214000,Socorro,170000000,175200000,0
175215000,Victoria,170000000,175200000,0
175301000,Aborlan,170000000,175300000,0
175302000,Agutaya,170000000,175300000,0
175303000,Araceli,170000000,175300000,0
175304000,Balabac,170000000,175300000,0
175305000,Bataraza,170000000,175300000,0
175306000,Brooke's Point,170000000,175300000,0
175307000,Busuanga,170000000,175300000,0
175308000,Cagayancillo,170000000,175300000,0
175309000,Coron,170000000,175300000,0
175310000,Cuyo,170000000,175300000,0
175311000,Dumaran,170000000,175300000,0
175312000,El Nido,170000000,175300000,0
175313000,Linapacan,170000000,175300000,0
175314000,Magsaysay,170000000,175300000,0
175315000,Narra,170000000,175300000,0
175316000,City of Puerto Princesa,170000000,175300000,1
175317000,Quezon,170000000,175300000,0
175318000,Roxas,170000000,175300000,0
175319000,San Vicente,170000000,175300000,0
175320000,Taytay,170000000,175300000,0
175321000,Kalayaan,170000000,175300000,0
175322000,Culion,170000000,175300000,0
175323000,Rizal,170000000,175300000,0
175324000,Sofronio Española,170000000,175300000,0
175901000,Alcantara,170000000,175900000,0
175902000,Banton,170000000,175900000,0
175903000,Cajidiocan,170000000,175900000,0
175904000,Calatrava,170000000,175900000,0
175905000,Concepcion,170000000,175900000,0
175906000,Corcuera,170000000,175900000,0
175907000,Looc,170000000,175900000,0
175908000,Magdiwang,170000000,175900000,0
175909000,Odiongan,170000000,175900000,0
175910000,Romblon,170000000,175900000,0
175911000,San Agustin,170000000,175900000,0
175912000,San Andres,170000000,175900000,0
175913000,San Fernando,170000000,175900000,0
175914000,San Jose,170000000,175900000,0
175915000,Santa Fe,170000000,175900000,0
175916000,Ferrol,170000000,175900000,0
175917000,Santa Maria,170000000,175900000,0
